"run_id","move","letter","game_version"
"ibw0e",1,"S","gameboy hardware"
"ibw0e",2,"O","gameboy hardware"
"ibw0e",3,"I","gameboy hardware"
"ibw0e",4,"T","gameboy hardware"
"ibw0e",5,"I","gameboy hardware"
"ibw0e",6,"S","gameboy hardware"
"ibw0e",7,"I","gameboy hardware"
"ibw0e",8,"I","gameboy hardware"
"ibw0e",9,"T","gameboy hardware"
"ibw0e",10,"Z","gameboy hardware"
"ibw0e",11,"S","gameboy hardware"
"ibw0e",12,"O","gameboy hardware"
"ibw0e",13,"T","gameboy hardware"
"ibw0e",14,"J","gameboy hardware"
"ibw0e",15,"S","gameboy hardware"
"ibw0e",16,"S","gameboy hardware"
"ibw0e",17,"T","gameboy hardware"
"ibw0e",18,"T","gameboy hardware"
"ibw0e",19,"S","gameboy hardware"
"ibw0e",20,"J","gameboy hardware"
"ibw0e",21,"Z","gameboy hardware"
"ibw0e",22,"O","gameboy hardware"
"ibw0e",23,"J","gameboy hardware"
"ibw0e",24,"Z","gameboy hardware"
"ibw0e",25,"O","gameboy hardware"
"ibw0e",26,"J","gameboy hardware"
"ibw0e",27,"T","gameboy hardware"
"ibw0e",28,"J","gameboy hardware"
"ibw0e",29,"L","gameboy hardware"
"ibw0e",30,"Z","gameboy hardware"
"ibw0e",31,"J","gameboy hardware"
"ibw0e",32,"Z","gameboy hardware"
"ibw0e",33,"Z","gameboy hardware"
"ibw0e",34,"O","gameboy hardware"
"ibw0e",35,"O","gameboy hardware"
"ibw0e",36,"S","gameboy hardware"
"ibw0e",37,"O","gameboy hardware"
"ibw0e",38,"T","gameboy hardware"
"ibw0e",39,"T","gameboy hardware"
"ibw0e",40,"O","gameboy hardware"
"ibw0e",41,"T","gameboy hardware"
"ibw0e",42,"Z","gameboy hardware"
"ibw0e",43,"O","gameboy hardware"
"ibw0e",44,"Z","gameboy hardware"
"ibw0e",45,"T","gameboy hardware"
"ibw0e",46,"L","gameboy hardware"
"ibw0e",47,"S","gameboy hardware"
"ibw0e",48,"J","gameboy hardware"
"ibw0e",49,"O","gameboy hardware"
"ibw0e",50,"L","gameboy hardware"
"ibw0e",51,"S","gameboy hardware"
"ibw0e",52,"S","gameboy hardware"
"ibw0e",53,"O","gameboy hardware"
"ibw0e",54,"T","gameboy hardware"
"ibw0e",55,"S","gameboy hardware"
"ibw0e",56,"J","gameboy hardware"
"ibw0e",57,"I","gameboy hardware"
"ibw0e",58,"L","gameboy hardware"
"ibw0e",59,"T","gameboy hardware"
"ibw0e",60,"J","gameboy hardware"
"ibw0e",61,"L","gameboy hardware"
"ibw0e",62,"S","gameboy hardware"
"ibw0e",63,"T","gameboy hardware"
"ibw0e",64,"I","gameboy hardware"
"ibw0e",65,"O","gameboy hardware"
"ibw0e",66,"J","gameboy hardware"
"ibw0e",67,"S","gameboy hardware"
"ibw0e",68,"L","gameboy hardware"
"ibw0e",69,"T","gameboy hardware"
"ibw0e",70,"L","gameboy hardware"
"ibw0e",71,"J","gameboy hardware"
"ibw0e",72,"S","gameboy hardware"
"ibw0e",73,"S","gameboy hardware"
"ibw0e",74,"S","gameboy hardware"
"ibw0e",75,"O","gameboy hardware"
"ibw0e",76,"Z","gameboy hardware"
"ibw0e",77,"S","gameboy hardware"
"ibw0e",78,"J","gameboy hardware"
"ibw0e",79,"T","gameboy hardware"
"ibw0e",80,"I","gameboy hardware"
"ibw0e",81,"O","gameboy hardware"
"ibw0e",82,"I","gameboy hardware"
"ibw0e",83,"S","gameboy hardware"
"ibw0e",84,"S","gameboy hardware"
"ibw0e",85,"O","gameboy hardware"
"ibw0e",86,"J","gameboy hardware"
"ibw0e",87,"J","gameboy hardware"
"ibw0e",88,"S","gameboy hardware"
"ibw0e",89,"L","gameboy hardware"
"ibw0e",90,"O","gameboy hardware"
"ibw0e",91,"T","gameboy hardware"
"ibw0e",92,"O","gameboy hardware"
"ibw0e",93,"L","gameboy hardware"
"ibw0e",94,"S","gameboy hardware"
"ibw0e",95,"O","gameboy hardware"
"ibw0e",96,"Z","gameboy hardware"
"ibw0e",97,"Z","gameboy hardware"
"ibw0e",98,"S","gameboy hardware"
"ibw0e",99,"I","gameboy hardware"
"ibw0e",100,"J","gameboy hardware"
"ibw0e",101,"O","gameboy hardware"
"ibw0e",102,"O","gameboy hardware"
"ibw0e",103,"S","gameboy hardware"
"ibw0e",104,"L","gameboy hardware"
"ibw0e",105,"O","gameboy hardware"
"ibw0e",106,"J","gameboy hardware"
"ibw0e",107,"S","gameboy hardware"
"ibw0e",108,"O","gameboy hardware"
"ibw0e",109,"O","gameboy hardware"
"ibw0e",110,"Z","gameboy hardware"
"ibw0e",111,"O","gameboy hardware"
"ibw0e",112,"T","gameboy hardware"
"ibw0e",113,"L","gameboy hardware"
"ibw0e",114,"O","gameboy hardware"
"ibw0e",115,"T","gameboy hardware"
"ibw0e",116,"J","gameboy hardware"
"ibw0e",117,"S","gameboy hardware"
"ibw0e",118,"L","gameboy hardware"
"ibw0e",119,"T","gameboy hardware"
"ibw0e",120,"Z","gameboy hardware"
"ibw0e",121,"S","gameboy hardware"
"ibw0e",122,"J","gameboy hardware"
"ibw0e",123,"T","gameboy hardware"
"ibw0e",124,"O","gameboy hardware"
"ibw0e",125,"S","gameboy hardware"
"ibw0e",126,"S","gameboy hardware"
"ibw0e",127,"S","gameboy hardware"
"ibw0e",128,"O","gameboy hardware"
"lweug",1,"I","gameboy hardware"
"lweug",2,"T","gameboy hardware"
"lweug",3,"L","gameboy hardware"
"lweug",4,"O","gameboy hardware"
"lweug",5,"T","gameboy hardware"
"lweug",6,"S","gameboy hardware"
"lweug",7,"T","gameboy hardware"
"lweug",8,"L","gameboy hardware"
"lweug",9,"I","gameboy hardware"
"lweug",10,"S","gameboy hardware"
"lweug",11,"T","gameboy hardware"
"lweug",12,"J","gameboy hardware"
"lweug",13,"S","gameboy hardware"
"lweug",14,"I","gameboy hardware"
"lweug",15,"J","gameboy hardware"
"lweug",16,"O","gameboy hardware"
"lweug",17,"Z","gameboy hardware"
"lweug",18,"I","gameboy hardware"
"lweug",19,"S","gameboy hardware"
"lweug",20,"O","gameboy hardware"
"lweug",21,"Z","gameboy hardware"
"lweug",22,"L","gameboy hardware"
"lweug",23,"T","gameboy hardware"
"lweug",24,"J","gameboy hardware"
"lweug",25,"S","gameboy hardware"
"lweug",26,"S","gameboy hardware"
"lweug",27,"L","gameboy hardware"
"lweug",28,"O","gameboy hardware"
"lweug",29,"J","gameboy hardware"
"lweug",30,"T","gameboy hardware"
"lweug",31,"L","gameboy hardware"
"lweug",32,"S","gameboy hardware"
"lweug",33,"Z","gameboy hardware"
"dzqcu",1,"S","gameboy hardware"
"dzqcu",2,"I","gameboy hardware"
"dzqcu",3,"O","gameboy hardware"
"dzqcu",4,"J","gameboy hardware"
"dzqcu",5,"Z","gameboy hardware"
"dzqcu",6,"Z","gameboy hardware"
"dzqcu",7,"O","gameboy hardware"
"dzqcu",8,"I","gameboy hardware"
"dzqcu",9,"S","gameboy hardware"
"dzqcu",10,"Z","gameboy hardware"
"dzqcu",11,"O","gameboy hardware"
"dzqcu",12,"O","gameboy hardware"
"dzqcu",13,"Z","gameboy hardware"
"dzqcu",14,"T","gameboy hardware"
"dzqcu",15,"T","gameboy hardware"
"dzqcu",16,"J","gameboy hardware"
"dzqcu",17,"L","gameboy hardware"
"dzqcu",18,"T","gameboy hardware"
"dzqcu",19,"I","gameboy hardware"
"dzqcu",20,"S","gameboy hardware"
"dzqcu",21,"L","gameboy hardware"
"dzqcu",22,"I","gameboy hardware"
"dzqcu",23,"S","gameboy hardware"
"dzqcu",24,"I","gameboy hardware"
"dzqcu",25,"L","gameboy hardware"
"dzqcu",26,"T","gameboy hardware"
"dzqcu",27,"T","gameboy hardware"
"dzqcu",28,"J","gameboy hardware"
"dzqcu",29,"S","gameboy hardware"
"dzqcu",30,"Z","gameboy hardware"
"dzqcu",31,"O","gameboy hardware"
"dzqcu",32,"O","gameboy hardware"
"dzqcu",33,"T","gameboy hardware"
"dzqcu",34,"O","gameboy hardware"
"dzqcu",35,"J","gameboy hardware"
"dzqcu",36,"T","gameboy hardware"
"dzqcu",37,"O","gameboy hardware"
"dzqcu",38,"S","gameboy hardware"
"dzqcu",39,"J","gameboy hardware"
"dzqcu",40,"I","gameboy hardware"
"dzqcu",41,"O","gameboy hardware"
"dzqcu",42,"T","gameboy hardware"
"dzqcu",43,"L","gameboy hardware"
"dzqcu",44,"S","gameboy hardware"
"dzqcu",45,"J","gameboy hardware"
"dzqcu",46,"T","gameboy hardware"
"dzqcu",47,"I","gameboy hardware"
"dzqcu",48,"S","gameboy hardware"
"dzqcu",49,"J","gameboy hardware"
"dzqcu",50,"Z","gameboy hardware"
"dzqcu",51,"J","gameboy hardware"
"dzqcu",52,"T","gameboy hardware"
"dzqcu",53,"Z","gameboy hardware"
"dzqcu",54,"O","gameboy hardware"
"dzqcu",55,"L","gameboy hardware"
"dzqcu",56,"S","gameboy hardware"
"dzqcu",57,"Z","gameboy hardware"
"dzqcu",58,"O","gameboy hardware"
"dzqcu",59,"J","gameboy hardware"
"dzqcu",60,"T","gameboy hardware"
"dzqcu",61,"O","gameboy hardware"
"dzqcu",62,"J","gameboy hardware"
"dzqcu",63,"T","gameboy hardware"
"dzqcu",64,"O","gameboy hardware"
"dzqcu",65,"J","gameboy hardware"
"dzqcu",66,"O","gameboy hardware"
"dzqcu",67,"J","gameboy hardware"
"dzqcu",68,"S","gameboy hardware"
"dzqcu",69,"Z","gameboy hardware"
"dzqcu",70,"T","gameboy hardware"
"dzqcu",71,"I","gameboy hardware"
"dzqcu",72,"J","gameboy hardware"
"dzqcu",73,"Z","gameboy hardware"
"dzqcu",74,"O","gameboy hardware"
"dzqcu",75,"J","gameboy hardware"
"dzqcu",76,"Z","gameboy hardware"
"dzqcu",77,"S","gameboy hardware"
"dzqcu",78,"T","gameboy hardware"
"dzqcu",79,"L","gameboy hardware"
"dzqcu",80,"O","gameboy hardware"
"dzqcu",81,"L","gameboy hardware"
"dzqcu",82,"T","gameboy hardware"
"dzqcu",83,"L","gameboy hardware"
"dzqcu",84,"O","gameboy hardware"
"dzqcu",85,"S","gameboy hardware"
"dzqcu",86,"T","gameboy hardware"
"dzqcu",87,"L","gameboy hardware"
"dzqcu",88,"J","gameboy hardware"
"dzqcu",89,"J","gameboy hardware"
"dzqcu",90,"I","gameboy hardware"
"dzqcu",91,"O","gameboy hardware"
"dzqcu",92,"S","gameboy hardware"
"dzqcu",93,"Z","gameboy hardware"
"dzqcu",94,"J","gameboy hardware"
"dzqcu",95,"Z","gameboy hardware"
"dzqcu",96,"J","gameboy hardware"
"dzqcu",97,"I","gameboy hardware"
"dzqcu",98,"T","gameboy hardware"
"dzqcu",99,"S","gameboy hardware"
"dzqcu",100,"O","gameboy hardware"
"dzqcu",101,"S","gameboy hardware"
"dzqcu",102,"J","gameboy hardware"
"dzqcu",103,"I","gameboy hardware"
"dzqcu",104,"S","gameboy hardware"
"dzqcu",105,"Z","gameboy hardware"
"c92bv",1,"I","gameboy emulator"
"c92bv",2,"J","gameboy emulator"
"c92bv",3,"J","gameboy emulator"
"c92bv",4,"S","gameboy emulator"
"c92bv",5,"I","gameboy emulator"
"c92bv",6,"O","gameboy emulator"
"c92bv",7,"O","gameboy emulator"
"c92bv",8,"Z","gameboy emulator"
"c92bv",9,"S","gameboy emulator"
"c92bv",10,"L","gameboy emulator"
"c92bv",11,"O","gameboy emulator"
"c92bv",12,"T","gameboy emulator"
"c92bv",13,"T","gameboy emulator"
"c92bv",14,"J","gameboy emulator"
"c92bv",15,"T","gameboy emulator"
"c92bv",16,"I","gameboy emulator"
"c92bv",17,"J","gameboy emulator"
"c92bv",18,"T","gameboy emulator"
"c92bv",19,"O","gameboy emulator"
"c92bv",20,"I","gameboy emulator"
"c92bv",21,"S","gameboy emulator"
"c92bv",22,"J","gameboy emulator"
"c92bv",23,"O","gameboy emulator"
"c92bv",24,"I","gameboy emulator"
"c92bv",25,"O","gameboy emulator"
"c92bv",26,"L","gameboy emulator"
"c92bv",27,"Z","gameboy emulator"
"c92bv",28,"S","gameboy emulator"
"c92bv",29,"T","gameboy emulator"
"c92bv",30,"S","gameboy emulator"
"c92bv",31,"J","gameboy emulator"
"c92bv",32,"T","gameboy emulator"
"c92bv",33,"S","gameboy emulator"
"c92bv",34,"O","gameboy emulator"
"c92bv",35,"J","gameboy emulator"
"c92bv",36,"J","gameboy emulator"
"c92bv",37,"O","gameboy emulator"
"c92bv",38,"O","gameboy emulator"
"c92bv",39,"Z","gameboy emulator"
"c92bv",40,"J","gameboy emulator"
"c92bv",41,"S","gameboy emulator"
"c92bv",42,"L","gameboy emulator"
"c92bv",43,"L","gameboy emulator"
"c92bv",44,"J","gameboy emulator"
"c92bv",45,"O","gameboy emulator"
"c92bv",46,"S","gameboy emulator"
"c92bv",47,"I","gameboy emulator"
"c92bv",48,"S","gameboy emulator"
"c92bv",49,"O","gameboy emulator"
"c92bv",50,"L","gameboy emulator"
"c92bv",51,"T","gameboy emulator"
"c92bv",52,"I","gameboy emulator"
"c92bv",53,"O","gameboy emulator"
"c92bv",54,"S","gameboy emulator"
"c92bv",55,"J","gameboy emulator"
"c92bv",56,"O","gameboy emulator"
"c92bv",57,"J","gameboy emulator"
"c92bv",58,"J","gameboy emulator"
"c92bv",59,"O","gameboy emulator"
"c92bv",60,"I","gameboy emulator"
"c92bv",61,"O","gameboy emulator"
"c92bv",62,"Z","gameboy emulator"
"c92bv",63,"Z","gameboy emulator"
"c92bv",64,"T","gameboy emulator"
"c92bv",65,"T","gameboy emulator"
"c92bv",66,"J","gameboy emulator"
"c92bv",67,"L","gameboy emulator"
"c92bv",68,"I","gameboy emulator"
"c92bv",69,"Z","gameboy emulator"
"c92bv",70,"O","gameboy emulator"
"c92bv",71,"O","gameboy emulator"
"c92bv",72,"S","gameboy emulator"
"c92bv",73,"S","gameboy emulator"
"c92bv",74,"I","gameboy emulator"
"c92bv",75,"J","gameboy emulator"
"c92bv",76,"I","gameboy emulator"
"c92bv",77,"T","gameboy emulator"
"c92bv",78,"J","gameboy emulator"
"c92bv",79,"O","gameboy emulator"
"c92bv",80,"S","gameboy emulator"
"c92bv",81,"O","gameboy emulator"
"c92bv",82,"I","gameboy emulator"
"c92bv",83,"T","gameboy emulator"
"c92bv",84,"L","gameboy emulator"
"c92bv",85,"J","gameboy emulator"
"c92bv",86,"J","gameboy emulator"
"c92bv",87,"Z","gameboy emulator"
"c92bv",88,"S","gameboy emulator"
"c92bv",89,"T","gameboy emulator"
"c92bv",90,"I","gameboy emulator"
"c92bv",91,"J","gameboy emulator"
"c92bv",92,"S","gameboy emulator"
"c92bv",93,"O","gameboy emulator"
"c92bv",94,"I","gameboy emulator"
"c92bv",95,"Z","gameboy emulator"
"c92bv",96,"J","gameboy emulator"
"c92bv",97,"I","gameboy emulator"
"c92bv",98,"O","gameboy emulator"
"c92bv",99,"S","gameboy emulator"
"c92bv",100,"J","gameboy emulator"
"c92bv",101,"T","gameboy emulator"
"c92bv",102,"I","gameboy emulator"
"c92bv",103,"J","gameboy emulator"
"c92bv",104,"T","gameboy emulator"
"c92bv",105,"S","gameboy emulator"
"c92bv",106,"T","gameboy emulator"
"c92bv",107,"T","gameboy emulator"
"c92bv",108,"T","gameboy emulator"
"c92bv",109,"J","gameboy emulator"
"c92bv",110,"L","gameboy emulator"
"c92bv",111,"T","gameboy emulator"
"c92bv",112,"L","gameboy emulator"
"c92bv",113,"I","gameboy emulator"
"c92bv",114,"J","gameboy emulator"
"c92bv",115,"L","gameboy emulator"
"c92bv",116,"I","gameboy emulator"
"c92bv",117,"I","gameboy emulator"
"c92bv",118,"T","gameboy emulator"
"c92bv",119,"L","gameboy emulator"
"c92bv",120,"O","gameboy emulator"
"c92bv",121,"I","gameboy emulator"
"c92bv",122,"I","gameboy emulator"
"c92bv",123,"T","gameboy emulator"
"c92bv",124,"L","gameboy emulator"
"c92bv",125,"J","gameboy emulator"
"c92bv",126,"T","gameboy emulator"
"c92bv",127,"L","gameboy emulator"
"c92bv",128,"O","gameboy emulator"
"c92bv",129,"Z","gameboy emulator"
"c92bv",130,"S","gameboy emulator"
"c92bv",131,"L","gameboy emulator"
"c92bv",132,"T","gameboy emulator"
"c92bv",133,"L","gameboy emulator"
"c92bv",134,"S","gameboy emulator"
"c92bv",135,"O","gameboy emulator"
"c92bv",136,"O","gameboy emulator"
"c92bv",137,"S","gameboy emulator"
"c92bv",138,"S","gameboy emulator"
"c92bv",139,"S","gameboy emulator"
"c92bv",140,"Z","gameboy emulator"
"c92bv",141,"T","gameboy emulator"
"c92bv",142,"S","gameboy emulator"
"c92bv",143,"O","gameboy emulator"
"c92bv",144,"I","gameboy emulator"
"c92bv",145,"Z","gameboy emulator"
"c92bv",146,"L","gameboy emulator"
"c92bv",147,"I","gameboy emulator"
"c92bv",148,"Z","gameboy emulator"
"c92bv",149,"L","gameboy emulator"
"c92bv",150,"T","gameboy emulator"
"c92bv",151,"L","gameboy emulator"
"nl75o",1,"Z","nes emulator"
"nl75o",2,"J","nes emulator"
"nl75o",3,"L","nes emulator"
"nl75o",4,"T","nes emulator"
"nl75o",5,"S","nes emulator"
"nl75o",6,"J","nes emulator"
"nl75o",7,"T","nes emulator"
"nl75o",8,"Z","nes emulator"
"nl75o",9,"J","nes emulator"
"nl75o",10,"I","nes emulator"
"nl75o",11,"L","nes emulator"
"nl75o",12,"J","nes emulator"
"nl75o",13,"I","nes emulator"
"nl75o",14,"S","nes emulator"
"nl75o",15,"J","nes emulator"
"nl75o",16,"O","nes emulator"
"nl75o",17,"T","nes emulator"
"nl75o",18,"L","nes emulator"
"nl75o",19,"T","nes emulator"
"nl75o",20,"T","nes emulator"
"nl75o",21,"J","nes emulator"
"nl75o",22,"T","nes emulator"
"nl75o",23,"I","nes emulator"
"nl75o",24,"S","nes emulator"
"nl75o",25,"Z","nes emulator"
"nl75o",26,"O","nes emulator"
"nl75o",27,"Z","nes emulator"
"nl75o",28,"S","nes emulator"
"nl75o",29,"L","nes emulator"
"nl75o",30,"T","nes emulator"
"nl75o",31,"I","nes emulator"
"nl75o",32,"J","nes emulator"
"nl75o",33,"T","nes emulator"
"nl75o",34,"Z","nes emulator"
"nl75o",35,"I","nes emulator"
"nl75o",36,"Z","nes emulator"
"nl75o",37,"S","nes emulator"
"nl75o",38,"S","nes emulator"
"nl75o",39,"J","nes emulator"
"nl75o",40,"S","nes emulator"
"nl75o",41,"L","nes emulator"
"nl75o",42,"Z","nes emulator"
"nl75o",43,"S","nes emulator"
"nl75o",44,"L","nes emulator"
"nl75o",45,"J","nes emulator"
"nl75o",46,"T","nes emulator"
"nl75o",47,"I","nes emulator"
"nl75o",48,"O","nes emulator"
"nl75o",49,"I","nes emulator"
"nl75o",50,"O","nes emulator"
"nl75o",51,"I","nes emulator"
"nl75o",52,"J","nes emulator"
"nl75o",53,"L","nes emulator"
"nl75o",54,"O","nes emulator"
"nl75o",55,"S","nes emulator"
"nl75o",56,"O","nes emulator"
"nl75o",57,"L","nes emulator"
"nl75o",58,"J","nes emulator"
"nl75o",59,"L","nes emulator"
"nl75o",60,"O","nes emulator"
"nl75o",61,"T","nes emulator"
"nl75o",62,"Z","nes emulator"
"nl75o",63,"T","nes emulator"
"nl75o",64,"I","nes emulator"
"nl75o",65,"Z","nes emulator"
"nl75o",66,"S","nes emulator"
"nl75o",67,"J","nes emulator"
"nl75o",68,"I","nes emulator"
"nl75o",69,"Z","nes emulator"
"nl75o",70,"S","nes emulator"
"nl75o",71,"Z","nes emulator"
"nl75o",72,"J","nes emulator"
"nl75o",73,"O","nes emulator"
"nl75o",74,"L","nes emulator"
"nl75o",75,"O","nes emulator"
"nl75o",76,"Z","nes emulator"
"nl75o",77,"T","nes emulator"
"nl75o",78,"S","nes emulator"
"nl75o",79,"Z","nes emulator"
"nl75o",80,"J","nes emulator"
"nl75o",81,"O","nes emulator"
"nl75o",82,"J","nes emulator"
"nl75o",83,"O","nes emulator"
"nl75o",84,"T","nes emulator"
"nl75o",85,"T","nes emulator"
"nl75o",86,"O","nes emulator"
"nl75o",87,"L","nes emulator"
"nl75o",88,"O","nes emulator"
"nl75o",89,"J","nes emulator"
"nl75o",90,"S","nes emulator"
"nl75o",91,"T","nes emulator"
"nl75o",92,"O","nes emulator"
"nl75o",93,"L","nes emulator"
"nl75o",94,"T","nes emulator"
"nl75o",95,"O","nes emulator"
"nl75o",96,"S","nes emulator"
"nl75o",97,"T","nes emulator"
"nl75o",98,"I","nes emulator"
"nl75o",99,"L","nes emulator"
"nl75o",100,"Z","nes emulator"
"nl75o",101,"I","nes emulator"
"nl75o",102,"S","nes emulator"
"nl75o",103,"T","nes emulator"
"nl75o",104,"L","nes emulator"
"nl75o",105,"Z","nes emulator"
"nl75o",106,"L","nes emulator"
"nl75o",107,"Z","nes emulator"
"nl75o",108,"I","nes emulator"
"nl75o",109,"T","nes emulator"
"nl75o",110,"J","nes emulator"
"nl75o",111,"I","nes emulator"
"nl75o",112,"O","nes emulator"
"nl75o",113,"J","nes emulator"
"nl75o",114,"O","nes emulator"
"nl75o",115,"T","nes emulator"
"nl75o",116,"J","nes emulator"
"nl75o",117,"L","nes emulator"
"nl75o",118,"O","nes emulator"
"nl75o",119,"T","nes emulator"
"nl75o",120,"L","nes emulator"
"nl75o",121,"O","nes emulator"
"nl75o",122,"T","nes emulator"
"nl75o",123,"O","nes emulator"
"nl75o",124,"I","nes emulator"
"nl75o",125,"L","nes emulator"
"nl75o",126,"J","nes emulator"
"nl75o",127,"T","nes emulator"
"nl75o",128,"Z","nes emulator"
"nl75o",129,"O","nes emulator"
"nl75o",130,"T","nes emulator"
"nl75o",131,"L","nes emulator"
"nl75o",132,"S","nes emulator"
"nl75o",133,"J","nes emulator"
"nl75o",134,"Z","nes emulator"
"nl75o",135,"L","nes emulator"
"nl75o",136,"O","nes emulator"
"nl75o",137,"S","nes emulator"
"nl75o",138,"T","nes emulator"
"nl75o",139,"J","nes emulator"
"nl75o",140,"S","nes emulator"
"nl75o",141,"Z","nes emulator"
"nl75o",142,"L","nes emulator"
"nl75o",143,"T","nes emulator"
"nl75o",144,"O","nes emulator"
"nl75o",145,"T","nes emulator"
"nl75o",146,"L","nes emulator"
"nl75o",147,"L","nes emulator"
"nl75o",148,"Z","nes emulator"
"nl75o",149,"L","nes emulator"
"nl75o",150,"O","nes emulator"
"nl75o",151,"Z","nes emulator"
"nl75o",152,"O","nes emulator"
"nl75o",153,"S","nes emulator"
"nl75o",154,"T","nes emulator"
"nl75o",155,"I","nes emulator"
"nl75o",156,"T","nes emulator"
"nl75o",157,"S","nes emulator"
"nl75o",158,"L","nes emulator"
"nl75o",159,"O","nes emulator"
"nl75o",160,"L","nes emulator"
"nl75o",161,"I","nes emulator"
"nl75o",162,"O","nes emulator"
"nl75o",163,"S","nes emulator"
"nl75o",164,"O","nes emulator"
"nl75o",165,"O","nes emulator"
"nl75o",166,"T","nes emulator"
"nl75o",167,"O","nes emulator"
"nl75o",168,"T","nes emulator"
"nl75o",169,"I","nes emulator"
"nl75o",170,"Z","nes emulator"
"nl75o",171,"T","nes emulator"
"nl75o",172,"Z","nes emulator"
"nl75o",173,"O","nes emulator"
"nl75o",174,"L","nes emulator"
"nl75o",175,"I","nes emulator"
"nl75o",176,"S","nes emulator"
"nl75o",177,"O","nes emulator"
"nl75o",178,"T","nes emulator"
"nl75o",179,"J","nes emulator"
"nl75o",180,"I","nes emulator"
"nl75o",181,"O","nes emulator"
"nl75o",182,"L","nes emulator"
"nl75o",183,"S","nes emulator"
"nl75o",184,"O","nes emulator"
"nl75o",185,"L","nes emulator"
"nl75o",186,"Z","nes emulator"
"nl75o",187,"J","nes emulator"
"nl75o",188,"L","nes emulator"
"nl75o",189,"Z","nes emulator"
"nl75o",190,"T","nes emulator"
"nl75o",191,"J","nes emulator"
"nl75o",192,"O","nes emulator"
"nl75o",193,"I","nes emulator"
"nl75o",194,"T","nes emulator"
"nl75o",195,"J","nes emulator"
"nl75o",196,"Z","nes emulator"
"nl75o",197,"Z","nes emulator"
"nl75o",198,"T","nes emulator"
"nl75o",199,"I","nes emulator"
"nl75o",200,"S","nes emulator"
"nl75o",201,"S","nes emulator"
"nl75o",202,"L","nes emulator"
"nl75o",203,"S","nes emulator"
"nl75o",204,"J","nes emulator"
"nl75o",205,"T","nes emulator"
"nl75o",206,"I","nes emulator"
"nl75o",207,"S","nes emulator"
"nl75o",208,"T","nes emulator"
"nl75o",209,"S","nes emulator"
"nl75o",210,"I","nes emulator"
"nl75o",211,"S","nes emulator"
"nl75o",212,"Z","nes emulator"
"nl75o",213,"J","nes emulator"
"nl75o",214,"J","nes emulator"
"nl75o",215,"O","nes emulator"
"nl75o",216,"S","nes emulator"
"nl75o",217,"O","nes emulator"
"nl75o",218,"L","nes emulator"
"nl75o",219,"Z","nes emulator"
"nl75o",220,"T","nes emulator"
"nl75o",221,"L","nes emulator"
"nl75o",222,"O","nes emulator"
"nl75o",223,"S","nes emulator"
"nl75o",224,"L","nes emulator"
"nl75o",225,"J","nes emulator"
"nl75o",226,"I","nes emulator"
"nl75o",227,"Z","nes emulator"
"nl75o",228,"O","nes emulator"
"nl75o",229,"S","nes emulator"
"nl75o",230,"L","nes emulator"
"nl75o",231,"T","nes emulator"
"nl75o",232,"L","nes emulator"
"phobw",1,"S","nes emulator"
"phobw",2,"S","nes emulator"
"phobw",3,"I","nes emulator"
"phobw",4,"O","nes emulator"
"phobw",5,"Z","nes emulator"
"phobw",6,"L","nes emulator"
"phobw",7,"T","nes emulator"
"phobw",8,"I","nes emulator"
"phobw",9,"S","nes emulator"
"phobw",10,"I","nes emulator"
"phobw",11,"S","nes emulator"
"phobw",12,"I","nes emulator"
"phobw",13,"O","nes emulator"
"phobw",14,"L","nes emulator"
"phobw",15,"I","nes emulator"
"phobw",16,"J","nes emulator"
"phobw",17,"S","nes emulator"
"phobw",18,"L","nes emulator"
"phobw",19,"Z","nes emulator"
"phobw",20,"I","nes emulator"
"phobw",21,"J","nes emulator"
"phobw",22,"I","nes emulator"
"phobw",23,"S","nes emulator"
"phobw",24,"S","nes emulator"
"phobw",25,"I","nes emulator"
"phobw",26,"Z","nes emulator"
"phobw",27,"S","nes emulator"
"phobw",28,"L","nes emulator"
"phobw",29,"T","nes emulator"
"phobw",30,"S","nes emulator"
"phobw",31,"S","nes emulator"
"phobw",32,"I","nes emulator"
"phobw",33,"L","nes emulator"
"phobw",34,"T","nes emulator"
"phobw",35,"J","nes emulator"
"phobw",36,"Z","nes emulator"
"phobw",37,"S","nes emulator"
"phobw",38,"O","nes emulator"
"phobw",39,"Z","nes emulator"
"phobw",40,"I","nes emulator"
"phobw",41,"O","nes emulator"
"phobw",42,"T","nes emulator"
"phobw",43,"O","nes emulator"
"phobw",44,"Z","nes emulator"
"phobw",45,"O","nes emulator"
"phobw",46,"I","nes emulator"
"phobw",47,"S","nes emulator"
"phobw",48,"T","nes emulator"
"phobw",49,"J","nes emulator"
"phobw",50,"I","nes emulator"
"phobw",51,"L","nes emulator"
"phobw",52,"I","nes emulator"
"phobw",53,"J","nes emulator"
"phobw",54,"I","nes emulator"
"phobw",55,"Z","nes emulator"
"phobw",56,"L","nes emulator"
"phobw",57,"J","nes emulator"
"phobw",58,"T","nes emulator"
"phobw",59,"J","nes emulator"
"phobw",60,"O","nes emulator"
"phobw",61,"L","nes emulator"
"phobw",62,"J","nes emulator"
"phobw",63,"Z","nes emulator"
"phobw",64,"O","nes emulator"
"phobw",65,"I","nes emulator"
"phobw",66,"Z","nes emulator"
"phobw",67,"O","nes emulator"
"phobw",68,"I","nes emulator"
"phobw",69,"O","nes emulator"
"phobw",70,"S","nes emulator"
"phobw",71,"O","nes emulator"
"phobw",72,"Z","nes emulator"
"phobw",73,"S","nes emulator"
"phobw",74,"L","nes emulator"
"phobw",75,"S","nes emulator"
"phobw",76,"Z","nes emulator"
"phobw",77,"J","nes emulator"
"phobw",78,"J","nes emulator"
"phobw",79,"I","nes emulator"
"phobw",80,"O","nes emulator"
"phobw",81,"J","nes emulator"
"phobw",82,"Z","nes emulator"
"phobw",83,"T","nes emulator"
"phobw",84,"L","nes emulator"
"phobw",85,"T","nes emulator"
"phobw",86,"S","nes emulator"
"phobw",87,"J","nes emulator"
"phobw",88,"O","nes emulator"
"phobw",89,"S","nes emulator"
"phobw",90,"T","nes emulator"
"phobw",91,"T","nes emulator"
"phobw",92,"O","nes emulator"
"phobw",93,"T","nes emulator"
"phobw",94,"I","nes emulator"
"phobw",95,"O","nes emulator"
"phobw",96,"T","nes emulator"
"phobw",97,"L","nes emulator"
"phobw",98,"J","nes emulator"
"phobw",99,"L","nes emulator"
"phobw",100,"S","nes emulator"
"phobw",101,"O","nes emulator"
"phobw",102,"T","nes emulator"
"phobw",103,"S","nes emulator"
"phobw",104,"L","nes emulator"
"phobw",105,"S","nes emulator"
"phobw",106,"O","nes emulator"
"phobw",107,"O","nes emulator"
"phobw",108,"Z","nes emulator"
"phobw",109,"I","nes emulator"
"phobw",110,"J","nes emulator"
"phobw",111,"O","nes emulator"
"phobw",112,"J","nes emulator"
"phobw",113,"O","nes emulator"
"phobw",114,"T","nes emulator"
"phobw",115,"O","nes emulator"
"phobw",116,"T","nes emulator"
"phobw",117,"L","nes emulator"
"phobw",118,"Z","nes emulator"
"phobw",119,"J","nes emulator"
"phobw",120,"L","nes emulator"
"phobw",121,"Z","nes emulator"
"phobw",122,"T","nes emulator"
"phobw",123,"O","nes emulator"
"phobw",124,"Z","nes emulator"
"phobw",125,"I","nes emulator"
"phobw",126,"T","nes emulator"
"phobw",127,"I","nes emulator"
"phobw",128,"L","nes emulator"
"phobw",129,"I","nes emulator"
"phobw",130,"S","nes emulator"
"phobw",131,"T","nes emulator"
"phobw",132,"I","nes emulator"
"phobw",133,"L","nes emulator"
"phobw",134,"Z","nes emulator"
"phobw",135,"Z","nes emulator"
"phobw",136,"J","nes emulator"
"phobw",137,"S","nes emulator"
"phobw",138,"T","nes emulator"
"phobw",139,"J","nes emulator"
"phobw",140,"I","nes emulator"
"phobw",141,"J","nes emulator"
"phobw",142,"T","nes emulator"
"phobw",143,"S","nes emulator"
"phobw",144,"T","nes emulator"
"phobw",145,"S","nes emulator"
"phobw",146,"O","nes emulator"
"phobw",147,"Z","nes emulator"
"phobw",148,"S","nes emulator"
"phobw",149,"L","nes emulator"
"phobw",150,"O","nes emulator"
"phobw",151,"I","nes emulator"
"phobw",152,"I","nes emulator"
"phobw",153,"O","nes emulator"
"phobw",154,"J","nes emulator"
"phobw",155,"I","nes emulator"
"phobw",156,"S","nes emulator"
"phobw",157,"L","nes emulator"
"phobw",158,"Z","nes emulator"
"phobw",159,"L","nes emulator"
"phobw",160,"I","nes emulator"
"phobw",161,"J","nes emulator"
"phobw",162,"O","nes emulator"
"phobw",163,"L","nes emulator"
"phobw",164,"O","nes emulator"
"phobw",165,"S","nes emulator"
"phobw",166,"Z","nes emulator"
"phobw",167,"I","nes emulator"
"phobw",168,"S","nes emulator"
"phobw",169,"O","nes emulator"
"phobw",170,"S","nes emulator"
"phobw",171,"O","nes emulator"
"ax1gn",1,"I","nes emulator"
"ax1gn",2,"T","nes emulator"
"ax1gn",3,"O","nes emulator"
"ax1gn",4,"S","nes emulator"
"ax1gn",5,"T","nes emulator"
"ax1gn",6,"I","nes emulator"
"ax1gn",7,"S","nes emulator"
"ax1gn",8,"S","nes emulator"
"ax1gn",9,"L","nes emulator"
"ax1gn",10,"I","nes emulator"
"ax1gn",11,"S","nes emulator"
"ax1gn",12,"I","nes emulator"
"ax1gn",13,"S","nes emulator"
"ax1gn",14,"Z","nes emulator"
"ax1gn",15,"O","nes emulator"
"ax1gn",16,"I","nes emulator"
"ax1gn",17,"L","nes emulator"
"ax1gn",18,"O","nes emulator"
"ax1gn",19,"O","nes emulator"
"ax1gn",20,"J","nes emulator"
"ax1gn",21,"L","nes emulator"
"ax1gn",22,"J","nes emulator"
"ax1gn",23,"S","nes emulator"
"ax1gn",24,"J","nes emulator"
"ax1gn",25,"Z","nes emulator"
"ax1gn",26,"O","nes emulator"
"ax1gn",27,"Z","nes emulator"
"ax1gn",28,"I","nes emulator"
"ax1gn",29,"L","nes emulator"
"ax1gn",30,"T","nes emulator"
"ax1gn",31,"J","nes emulator"
"ax1gn",32,"Z","nes emulator"
"ax1gn",33,"T","nes emulator"
"ax1gn",34,"I","nes emulator"
"ax1gn",35,"Z","nes emulator"
"ax1gn",36,"O","nes emulator"
"ax1gn",37,"I","nes emulator"
"ax1gn",38,"S","nes emulator"
"ax1gn",39,"O","nes emulator"
"ax1gn",40,"J","nes emulator"
"ax1gn",41,"S","nes emulator"
"ax1gn",42,"J","nes emulator"
"ax1gn",43,"Z","nes emulator"
"ax1gn",44,"Z","nes emulator"
"ax1gn",45,"I","nes emulator"
"ax1gn",46,"J","nes emulator"
"ax1gn",47,"I","nes emulator"
"ax1gn",48,"Z","nes emulator"
"ax1gn",49,"L","nes emulator"
"ax1gn",50,"I","nes emulator"
"ax1gn",51,"Z","nes emulator"
"ax1gn",52,"S","nes emulator"
"ax1gn",53,"O","nes emulator"
"ax1gn",54,"L","nes emulator"
"ax1gn",55,"Z","nes emulator"
"ax1gn",56,"I","nes emulator"
"ax1gn",57,"J","nes emulator"
"ax1gn",58,"S","nes emulator"
"ax1gn",59,"I","nes emulator"
"ax1gn",60,"Z","nes emulator"
"ax1gn",61,"O","nes emulator"
"ax1gn",62,"J","nes emulator"
"ax1gn",63,"O","nes emulator"
"ax1gn",64,"J","nes emulator"
"ax1gn",65,"S","nes emulator"
"ax1gn",66,"I","nes emulator"
"ax1gn",67,"L","nes emulator"
"ax1gn",68,"J","nes emulator"
"ax1gn",69,"O","nes emulator"
"ax1gn",70,"L","nes emulator"
"ax1gn",71,"T","nes emulator"
"ax1gn",72,"Z","nes emulator"
"ax1gn",73,"I","nes emulator"
"ax1gn",74,"S","nes emulator"
"ax1gn",75,"L","nes emulator"
"ax1gn",76,"Z","nes emulator"
"ax1gn",77,"I","nes emulator"
"ax1gn",78,"O","nes emulator"
"ax1gn",79,"O","nes emulator"
"ax1gn",80,"Z","nes emulator"
"ax1gn",81,"L","nes emulator"
"ax1gn",82,"I","nes emulator"
"ax1gn",83,"Z","nes emulator"
"ax1gn",84,"T","nes emulator"
"ax1gn",85,"I","nes emulator"
"ax1gn",86,"J","nes emulator"
"ax1gn",87,"L","nes emulator"
"ax1gn",88,"I","nes emulator"
"ax1gn",89,"Z","nes emulator"
"ax1gn",90,"S","nes emulator"
"ax1gn",91,"O","nes emulator"
"ax1gn",92,"S","nes emulator"
"ax1gn",93,"S","nes emulator"
"ax1gn",94,"Z","nes emulator"
"ax1gn",95,"I","nes emulator"
"ax1gn",96,"Z","nes emulator"
"ax1gn",97,"T","nes emulator"
"ax1gn",98,"J","nes emulator"
"ax1gn",99,"I","nes emulator"
"ax1gn",100,"J","nes emulator"
"ax1gn",101,"Z","nes emulator"
"ax1gn",102,"S","nes emulator"
"ax1gn",103,"J","nes emulator"
"ax1gn",104,"Z","nes emulator"
"ax1gn",105,"J","nes emulator"
"ax1gn",106,"S","nes emulator"
"ax1gn",107,"Z","nes emulator"
"ax1gn",108,"O","nes emulator"
"ax1gn",109,"T","nes emulator"
"ax1gn",110,"Z","nes emulator"
"ax1gn",111,"O","nes emulator"
"ax1gn",112,"I","nes emulator"
"ax1gn",113,"J","nes emulator"
"ax1gn",114,"Z","nes emulator"
"ax1gn",115,"Z","nes emulator"
"ax1gn",116,"Z","nes emulator"
"ax1gn",117,"T","nes emulator"
"ax1gn",118,"I","nes emulator"
"ax1gn",119,"Z","nes emulator"
"ax1gn",120,"S","nes emulator"
"ax1gn",121,"I","nes emulator"
"ax1gn",122,"J","nes emulator"
"ax1gn",123,"I","nes emulator"
"ax1gn",124,"L","nes emulator"
"ax1gn",125,"I","nes emulator"
"ax1gn",126,"T","nes emulator"
"ax1gn",127,"L","nes emulator"
"ax1gn",128,"I","nes emulator"
"ax1gn",129,"L","nes emulator"
"ax1gn",130,"Z","nes emulator"
"ax1gn",131,"O","nes emulator"
"ax1gn",132,"Z","nes emulator"
"ax1gn",133,"T","nes emulator"
"ax1gn",134,"J","nes emulator"
"ax1gn",135,"S","nes emulator"
"ax1gn",136,"O","nes emulator"
"ax1gn",137,"J","nes emulator"
"ax1gn",138,"Z","nes emulator"
"ax1gn",139,"T","nes emulator"
"ax1gn",140,"Z","nes emulator"
"ax1gn",141,"S","nes emulator"
"ax1gn",142,"I","nes emulator"
"ax1gn",143,"I","nes emulator"
"ax1gn",144,"I","nes emulator"
"ax1gn",145,"O","nes emulator"
"ax1gn",146,"J","nes emulator"
"ax1gn",147,"O","nes emulator"
"ax1gn",148,"J","nes emulator"
"ax1gn",149,"J","nes emulator"
"ax1gn",150,"L","nes emulator"
"ax1gn",151,"T","nes emulator"
"ax1gn",152,"Z","nes emulator"
"ax1gn",153,"L","nes emulator"
"ax1gn",154,"T","nes emulator"
"ax1gn",155,"Z","nes emulator"
"ax1gn",156,"T","nes emulator"
"ax1gn",157,"I","nes emulator"
"ax1gn",158,"O","nes emulator"
"ax1gn",159,"I","nes emulator"
"ax1gn",160,"L","nes emulator"
"ax1gn",161,"Z","nes emulator"
"ax1gn",162,"Z","nes emulator"
"ax1gn",163,"T","nes emulator"
"ax1gn",164,"S","nes emulator"
"ax1gn",165,"I","nes emulator"
"ax1gn",166,"T","nes emulator"
"ax1gn",167,"Z","nes emulator"
"ax1gn",168,"T","nes emulator"
"ax1gn",169,"J","nes emulator"
"ax1gn",170,"L","nes emulator"
"ax1gn",171,"S","nes emulator"
"ax1gn",172,"J","nes emulator"
"ax1gn",173,"Z","nes emulator"
"ax1gn",174,"T","nes emulator"
"ax1gn",175,"I","nes emulator"
"ax1gn",176,"L","nes emulator"
"r5pm6",1,"T","gameboy hardware"
"r5pm6",2,"J","gameboy hardware"
"r5pm6",3,"S","gameboy hardware"
"r5pm6",4,"J","gameboy hardware"
"r5pm6",5,"O","gameboy hardware"
"r5pm6",6,"L","gameboy hardware"
"r5pm6",7,"T","gameboy hardware"
"r5pm6",8,"I","gameboy hardware"
"r5pm6",9,"J","gameboy hardware"
"r5pm6",10,"O","gameboy hardware"
"r5pm6",11,"L","gameboy hardware"
"r5pm6",12,"Z","gameboy hardware"
"r5pm6",13,"I","gameboy hardware"
"r5pm6",14,"O","gameboy hardware"
"r5pm6",15,"J","gameboy hardware"
"r5pm6",16,"Z","gameboy hardware"
"r5pm6",17,"O","gameboy hardware"
"r5pm6",18,"L","gameboy hardware"
"r5pm6",19,"Z","gameboy hardware"
"r5pm6",20,"L","gameboy hardware"
"r5pm6",21,"O","gameboy hardware"
"r5pm6",22,"S","gameboy hardware"
"r5pm6",23,"Z","gameboy hardware"
"r5pm6",24,"T","gameboy hardware"
"r5pm6",25,"L","gameboy hardware"
"r5pm6",26,"J","gameboy hardware"
"r5pm6",27,"I","gameboy hardware"
"r5pm6",28,"Z","gameboy hardware"
"r5pm6",29,"Z","gameboy hardware"
"r5pm6",30,"I","gameboy hardware"
"r5pm6",31,"I","gameboy hardware"
"r5pm6",32,"T","gameboy hardware"
"r5pm6",33,"T","gameboy hardware"
"r5pm6",34,"O","gameboy hardware"
"r5pm6",35,"S","gameboy hardware"
"r5pm6",36,"I","gameboy hardware"
"r5pm6",37,"O","gameboy hardware"
"r5pm6",38,"O","gameboy hardware"
"r5pm6",39,"S","gameboy hardware"
"r5pm6",40,"Z","gameboy hardware"
"r5pm6",41,"T","gameboy hardware"
"r5pm6",42,"I","gameboy hardware"
"r5pm6",43,"O","gameboy hardware"
"r5pm6",44,"I","gameboy hardware"
"r5pm6",45,"T","gameboy hardware"
"r5pm6",46,"Z","gameboy hardware"
"r5pm6",47,"J","gameboy hardware"
"r5pm6",48,"I","gameboy hardware"
"r5pm6",49,"S","gameboy hardware"
"r5pm6",50,"O","gameboy hardware"
"r5pm6",51,"O","gameboy hardware"
"r5pm6",52,"J","gameboy hardware"
"r5pm6",53,"Z","gameboy hardware"
"r5pm6",54,"T","gameboy hardware"
"r5pm6",55,"J","gameboy hardware"
"r5pm6",56,"I","gameboy hardware"
"r5pm6",57,"L","gameboy hardware"
"r5pm6",58,"J","gameboy hardware"
"r5pm6",59,"J","gameboy hardware"
"r5pm6",60,"Z","gameboy hardware"
"r5pm6",61,"L","gameboy hardware"
"r5pm6",62,"L","gameboy hardware"
"r5pm6",63,"T","gameboy hardware"
"r5pm6",64,"I","gameboy hardware"
"r5pm6",65,"S","gameboy hardware"
"r5pm6",66,"J","gameboy hardware"
"r5pm6",67,"J","gameboy hardware"
"r5pm6",68,"Z","gameboy hardware"
"r5pm6",69,"T","gameboy hardware"
"r5pm6",70,"I","gameboy hardware"
"r5pm6",71,"O","gameboy hardware"
"r5pm6",72,"J","gameboy hardware"
"r5pm6",73,"Z","gameboy hardware"
"r5pm6",74,"L","gameboy hardware"
"r5pm6",75,"L","gameboy hardware"
"r5pm6",76,"T","gameboy hardware"
"r5pm6",77,"S","gameboy hardware"
"r5pm6",78,"O","gameboy hardware"
"r5pm6",79,"J","gameboy hardware"
"r5pm6",80,"Z","gameboy hardware"
"r5pm6",81,"O","gameboy hardware"
"r5pm6",82,"O","gameboy hardware"
"r5pm6",83,"Z","gameboy hardware"
"r5pm6",84,"S","gameboy hardware"
"r5pm6",85,"O","gameboy hardware"
"r5pm6",86,"S","gameboy hardware"
"r5pm6",87,"O","gameboy hardware"
"r5pm6",88,"O","gameboy hardware"
"r5pm6",89,"Z","gameboy hardware"
"r5pm6",90,"J","gameboy hardware"
"r5pm6",91,"O","gameboy hardware"
"r5pm6",92,"L","gameboy hardware"
"r5pm6",93,"Z","gameboy hardware"
"r5pm6",94,"O","gameboy hardware"
"r5pm6",95,"L","gameboy hardware"
"r5pm6",96,"T","gameboy hardware"
"r5pm6",97,"T","gameboy hardware"
"r5pm6",98,"S","gameboy hardware"
"r5pm6",99,"S","gameboy hardware"
"r5pm6",100,"I","gameboy hardware"
"r5pm6",101,"O","gameboy hardware"
"r5pm6",102,"J","gameboy hardware"
"r5pm6",103,"O","gameboy hardware"
"r5pm6",104,"Z","gameboy hardware"
"r5pm6",105,"T","gameboy hardware"
"r5pm6",106,"O","gameboy hardware"
"r5pm6",107,"I","gameboy hardware"
"r5pm6",108,"T","gameboy hardware"
"r5pm6",109,"I","gameboy hardware"
"r5pm6",110,"S","gameboy hardware"
"r5pm6",111,"O","gameboy hardware"
"r5pm6",112,"L","gameboy hardware"
"r5pm6",113,"T","gameboy hardware"
"r5pm6",114,"O","gameboy hardware"
"r5pm6",115,"J","gameboy hardware"
"r5pm6",116,"Z","gameboy hardware"
"r5pm6",117,"T","gameboy hardware"
"r5pm6",118,"I","gameboy hardware"
"r5pm6",119,"O","gameboy hardware"
"r5pm6",120,"T","gameboy hardware"
"r5pm6",121,"L","gameboy hardware"
"r5pm6",122,"J","gameboy hardware"
"r5pm6",123,"Z","gameboy hardware"
"r5pm6",124,"J","gameboy hardware"
"r5pm6",125,"J","gameboy hardware"
"r5pm6",126,"I","gameboy hardware"
"r5pm6",127,"Z","gameboy hardware"
"r5pm6",128,"I","gameboy hardware"
"r5pm6",129,"T","gameboy hardware"
"r5pm6",130,"O","gameboy hardware"
"r5pm6",131,"Z","gameboy hardware"
"r5pm6",132,"S","gameboy hardware"
"r5pm6",133,"T","gameboy hardware"
"r5pm6",134,"O","gameboy hardware"
"r5pm6",135,"L","gameboy hardware"
"r5pm6",136,"Z","gameboy hardware"
"r5pm6",137,"L","gameboy hardware"
"r5pm6",138,"T","gameboy hardware"
"r5pm6",139,"S","gameboy hardware"
"r5pm6",140,"I","gameboy hardware"
"r5pm6",141,"J","gameboy hardware"
"r5pm6",142,"J","gameboy hardware"
"r5pm6",143,"T","gameboy hardware"
"r5pm6",144,"O","gameboy hardware"
"r5pm6",145,"J","gameboy hardware"
"r5pm6",146,"T","gameboy hardware"
"r5pm6",147,"L","gameboy hardware"
"r5pm6",148,"L","gameboy hardware"
"r5pm6",149,"O","gameboy hardware"
"r5pm6",150,"O","gameboy hardware"
"r5pm6",151,"S","gameboy hardware"
"r5pm6",152,"J","gameboy hardware"
"r5pm6",153,"T","gameboy hardware"
"r5pm6",154,"S","gameboy hardware"
"r5pm6",155,"T","gameboy hardware"
"r5pm6",156,"Z","gameboy hardware"
"r5pm6",157,"L","gameboy hardware"
"r5pm6",158,"I","gameboy hardware"
"r5pm6",159,"S","gameboy hardware"
"r5pm6",160,"J","gameboy hardware"
"r5pm6",161,"I","gameboy hardware"
"r5pm6",162,"I","gameboy hardware"
"r5pm6",163,"O","gameboy hardware"
"r5pm6",164,"O","gameboy hardware"
"r5pm6",165,"Z","gameboy hardware"
"r5pm6",166,"L","gameboy hardware"
"r5pm6",167,"O","gameboy hardware"
"r5pm6",168,"J","gameboy hardware"
"r5pm6",169,"Z","gameboy hardware"
"r5pm6",170,"I","gameboy hardware"
"r5pm6",171,"I","gameboy hardware"
"r5pm6",172,"T","gameboy hardware"
"r5pm6",173,"I","gameboy hardware"
"r5pm6",174,"I","gameboy hardware"
"r5pm6",175,"O","gameboy hardware"
"r5pm6",176,"J","gameboy hardware"
"r5pm6",177,"Z","gameboy hardware"
"r5pm6",178,"L","gameboy hardware"
"r5pm6",179,"T","gameboy hardware"
"r5pm6",180,"I","gameboy hardware"
"r5pm6",181,"L","gameboy hardware"
"r5pm6",182,"J","gameboy hardware"
"r5pm6",183,"S","gameboy hardware"
"r5pm6",184,"Z","gameboy hardware"
"r5pm6",185,"O","gameboy hardware"
"r5pm6",186,"Z","gameboy hardware"
"r5pm6",187,"Z","gameboy hardware"
"r5pm6",188,"J","gameboy hardware"
"r5pm6",189,"Z","gameboy hardware"
"r5pm6",190,"I","gameboy hardware"
"r5pm6",191,"L","gameboy hardware"
"r5pm6",192,"T","gameboy hardware"
"r5pm6",193,"L","gameboy hardware"
"r5pm6",194,"J","gameboy hardware"
"r5pm6",195,"I","gameboy hardware"
"r5pm6",196,"S","gameboy hardware"
"r5pm6",197,"J","gameboy hardware"
"r5pm6",198,"O","gameboy hardware"
"r5pm6",199,"I","gameboy hardware"
"r5pm6",200,"O","gameboy hardware"
"r5pm6",201,"O","gameboy hardware"
"r5pm6",202,"S","gameboy hardware"
"r5pm6",203,"L","gameboy hardware"
"r5pm6",204,"O","gameboy hardware"
"r5pm6",205,"T","gameboy hardware"
"r5pm6",206,"S","gameboy hardware"
"r5pm6",207,"O","gameboy hardware"
"r5pm6",208,"Z","gameboy hardware"
"r5pm6",209,"I","gameboy hardware"
"r5pm6",210,"O","gameboy hardware"
"r5pm6",211,"L","gameboy hardware"
"r5pm6",212,"Z","gameboy hardware"
"r5pm6",213,"I","gameboy hardware"
"r5pm6",214,"T","gameboy hardware"
"r5pm6",215,"L","gameboy hardware"
"r5pm6",216,"J","gameboy hardware"
"r5pm6",217,"O","gameboy hardware"
"r5pm6",218,"O","gameboy hardware"
"r5pm6",219,"T","gameboy hardware"
"r5pm6",220,"I","gameboy hardware"
"r5pm6",221,"L","gameboy hardware"
"r5pm6",222,"J","gameboy hardware"
"r5pm6",223,"O","gameboy hardware"
"r5pm6",224,"T","gameboy hardware"
"r5pm6",225,"I","gameboy hardware"
"r5pm6",226,"O","gameboy hardware"
"r5pm6",227,"Z","gameboy hardware"
"r5pm6",228,"S","gameboy hardware"
"r5pm6",229,"I","gameboy hardware"
"r5pm6",230,"I","gameboy hardware"
"r5pm6",231,"Z","gameboy hardware"
"r5pm6",232,"O","gameboy hardware"
"r5pm6",233,"T","gameboy hardware"
"r5pm6",234,"J","gameboy hardware"
"r5pm6",235,"O","gameboy hardware"
"r5pm6",236,"T","gameboy hardware"
"r5pm6",237,"O","gameboy hardware"
"r5pm6",238,"S","gameboy hardware"
"r5pm6",239,"O","gameboy hardware"
"r5pm6",240,"L","gameboy hardware"
"r5pm6",241,"T","gameboy hardware"
"r5pm6",242,"J","gameboy hardware"
"r5pm6",243,"O","gameboy hardware"
"r5pm6",244,"T","gameboy hardware"
"r5pm6",245,"O","gameboy hardware"
"r5pm6",246,"T","gameboy hardware"
"r5pm6",247,"Z","gameboy hardware"
"r5pm6",248,"S","gameboy hardware"
"r5pm6",249,"O","gameboy hardware"
"r5pm6",250,"I","gameboy hardware"
"r5pm6",251,"T","gameboy hardware"
"r5pm6",252,"I","gameboy hardware"
"r5pm6",253,"S","gameboy hardware"
"r5pm6",254,"S","gameboy hardware"
"r5pm6",255,"I","gameboy hardware"
"r5pm6",256,"T","gameboy hardware"
"r5pm6",257,"O","gameboy hardware"
"r5pm6",258,"I","gameboy hardware"
"r5pm6",259,"L","gameboy hardware"
"r5pm6",260,"S","gameboy hardware"
"r5pm6",261,"I","gameboy hardware"
"r5pm6",262,"Z","gameboy hardware"
"r5pm6",263,"T","gameboy hardware"
"r5pm6",264,"T","gameboy hardware"
"r5pm6",265,"L","gameboy hardware"
"r5pm6",266,"J","gameboy hardware"
"r5pm6",267,"J","gameboy hardware"
"r5pm6",268,"S","gameboy hardware"
"r5pm6",269,"O","gameboy hardware"
"r5pm6",270,"O","gameboy hardware"
"r5pm6",271,"T","gameboy hardware"
"r5pm6",272,"O","gameboy hardware"
"r5pm6",273,"L","gameboy hardware"
"r5pm6",274,"T","gameboy hardware"
"r5pm6",275,"O","gameboy hardware"
